Modifications	Master_Protein_Accessions	Positions_in_Master_Proteins	label	sample	time	replicate	Abundances	type
1xPhospho [S3]	MGG_05379	MGG_05379T0 [126-140]	YV[S]EDEQEQGGSSSR	Δpmk1	hpi_0	rep_1	8180415.09221122	Normalized
1xPhospho [S3]	MGG_05379	MGG_05379T0 [126-140]	YV[S]EDEQEQGGSSSR	Δpmk1	hpi_0	rep_3	7983088.00682105	Normalized
1xPhospho [S3]	MGG_05379	MGG_05379T0 [126-140]	YV[S]EDEQEQGGSSSR	Δpmk1	hpi_0	rep_2	1911725.38435992	Normalized
1xPhospho [S3]	MGG_05379	MGG_05379T0 [126-140]	YV[S]EDEQEQGGSSSR	Guy11	hpi_0	rep_2	0	Normalized
1xPhospho [S3]	MGG_05379	MGG_05379T0 [126-140]	YV[S]EDEQEQGGSSSR	Guy11	hpi_0	rep_1	10401546.4060739	Normalized
1xPhospho [S3]	MGG_05379	MGG_05379T0 [126-140]	YV[S]EDEQEQGGSSSR	Guy11	hpi_0	rep_3	5239090.85684539	Normalized
1xPhospho [S3]	MGG_05379	MGG_05379T0 [126-140]	YV[S]EDEQEQGGSSSR	Δpmk1	hpi_1	rep_1	2190413.12514753	Normalized
1xPhospho [S3]	MGG_05379	MGG_05379T0 [126-140]	YV[S]EDEQEQGGSSSR	Δpmk1	hpi_1	rep_3	0	Normalized
1xPhospho [S3]	MGG_05379	MGG_05379T0 [126-140]	YV[S]EDEQEQGGSSSR	Δpmk1	hpi_1	rep_2	2640419.77458285	Normalized
1xPhospho [S3]	MGG_05379	MGG_05379T0 [126-140]	YV[S]EDEQEQGGSSSR	Guy11	hpi_1	rep_2	2044462.68122227	Normalized
1xPhospho [S3]	MGG_05379	MGG_05379T0 [126-140]	YV[S]EDEQEQGGSSSR	Guy11	hpi_1	rep_1	4139374.64565057	Normalized
1xPhospho [S3]	MGG_05379	MGG_05379T0 [126-140]	YV[S]EDEQEQGGSSSR	Guy11	hpi_1	rep_3	1791314.87556997	Normalized
1xPhospho [S3]	MGG_05379	MGG_05379T0 [126-140]	YV[S]EDEQEQGGSSSR	Δpmk1	hpi_1.5	rep_1	1033331.18770413	Normalized
1xPhospho [S3]	MGG_05379	MGG_05379T0 [126-140]	YV[S]EDEQEQGGSSSR	Δpmk1	hpi_1.5	rep_3	582475.294140773	Normalized
1xPhospho [S3]	MGG_05379	MGG_05379T0 [126-140]	YV[S]EDEQEQGGSSSR	Δpmk1	hpi_1.5	rep_2	2473057.12305912	Normalized
1xPhospho [S3]	MGG_05379	MGG_05379T0 [126-140]	YV[S]EDEQEQGGSSSR	Guy11	hpi_1.5	rep_2	3835411.84397823	Normalized
1xPhospho [S3]	MGG_05379	MGG_05379T0 [126-140]	YV[S]EDEQEQGGSSSR	Guy11	hpi_1.5	rep_1	5924233.85730017	Normalized
1xPhospho [S3]	MGG_05379	MGG_05379T0 [126-140]	YV[S]EDEQEQGGSSSR	Guy11	hpi_1.5	rep_3	648694.876281956	Normalized
1xPhospho [S3]	MGG_05379	MGG_05379T0 [126-140]	YV[S]EDEQEQGGSSSR	Δpmk1	hpi_2	rep_1	6992196.68268178	Normalized
1xPhospho [S3]	MGG_05379	MGG_05379T0 [126-140]	YV[S]EDEQEQGGSSSR	Δpmk1	hpi_2	rep_3	793740.89163421	Normalized
1xPhospho [S3]	MGG_05379	MGG_05379T0 [126-140]	YV[S]EDEQEQGGSSSR	Δpmk1	hpi_2	rep_2	1768577.84297151	Normalized
1xPhospho [S3]	MGG_05379	MGG_05379T0 [126-140]	YV[S]EDEQEQGGSSSR	Guy11	hpi_2	rep_2	9102637.07365245	Normalized
1xPhospho [S3]	MGG_05379	MGG_05379T0 [126-140]	YV[S]EDEQEQGGSSSR	Guy11	hpi_2	rep_1	6584278.75991297	Normalized
1xPhospho [S3]	MGG_05379	MGG_05379T0 [126-140]	YV[S]EDEQEQGGSSSR	Guy11	hpi_2	rep_3	718079.723461723	Normalized
1xPhospho [S3]	MGG_05379	MGG_05379T0 [126-140]	YV[S]EDEQEQGGSSSR	Δpmk1	hpi_4	rep_1	915176.142567436	Normalized
1xPhospho [S3]	MGG_05379	MGG_05379T0 [126-140]	YV[S]EDEQEQGGSSSR	Δpmk1	hpi_4	rep_3	0	Normalized
1xPhospho [S3]	MGG_05379	MGG_05379T0 [126-140]	YV[S]EDEQEQGGSSSR	Δpmk1	hpi_4	rep_2	993670.125	Normalized
1xPhospho [S3]	MGG_05379	MGG_05379T0 [126-140]	YV[S]EDEQEQGGSSSR	Guy11	hpi_4	rep_2	719963.966938341	Normalized
1xPhospho [S3]	MGG_05379	MGG_05379T0 [126-140]	YV[S]EDEQEQGGSSSR	Guy11	hpi_4	rep_1	806665.981922829	Normalized
1xPhospho [S3]	MGG_05379	MGG_05379T0 [126-140]	YV[S]EDEQEQGGSSSR	Guy11	hpi_4	rep_3	0	Normalized
1xPhospho [S3]	MGG_05379	MGG_05379T0 [126-140]	YV[S]EDEQEQGGSSSR	Δpmk1	hpi_6	rep_1	1010627.74897828	Normalized
1xPhospho [S3]	MGG_05379	MGG_05379T0 [126-140]	YV[S]EDEQEQGGSSSR	Δpmk1	hpi_6	rep_3	0	Normalized
1xPhospho [S3]	MGG_05379	MGG_05379T0 [126-140]	YV[S]EDEQEQGGSSSR	Δpmk1	hpi_6	rep_2	603802.659615287	Normalized
1xPhospho [S3]	MGG_05379	MGG_05379T0 [126-140]	YV[S]EDEQEQGGSSSR	Guy11	hpi_6	rep_2	8099766.93101087	Normalized
1xPhospho [S3]	MGG_05379	MGG_05379T0 [126-140]	YV[S]EDEQEQGGSSSR	Guy11	hpi_6	rep_1	5848674.75724488	Normalized
1xPhospho [S3]	MGG_05379	MGG_05379T0 [126-140]	YV[S]EDEQEQGGSSSR	Guy11	hpi_6	rep_3	5096704.48513679	Normalized
1xPhospho [S5]	MGG_12267	MGG_12267T0 [138-159]	LSAP[S]PPRQFPDSLQAVYVVSR	Δpmk1	hpi_0	rep_1	0	Normalized
1xPhospho [S5]	MGG_12267	MGG_12267T0 [138-159]	LSAP[S]PPRQFPDSLQAVYVVSR	Δpmk1	hpi_0	rep_3	0	Normalized
1xPhospho [S5]	MGG_12267	MGG_12267T0 [138-159]	LSAP[S]PPRQFPDSLQAVYVVSR	Δpmk1	hpi_0	rep_2	0	Normalized
1xPhospho [S5]	MGG_12267	MGG_12267T0 [138-159]	LSAP[S]PPRQFPDSLQAVYVVSR	Guy11	hpi_0	rep_2	0	Normalized
1xPhospho [S5]	MGG_12267	MGG_12267T0 [138-159]	LSAP[S]PPRQFPDSLQAVYVVSR	Guy11	hpi_0	rep_1	0	Normalized
1xPhospho [S5]	MGG_12267	MGG_12267T0 [138-159]	LSAP[S]PPRQFPDSLQAVYVVSR	Guy11	hpi_0	rep_3	0	Normalized
1xPhospho [S5]	MGG_12267	MGG_12267T0 [138-159]	LSAP[S]PPRQFPDSLQAVYVVSR	Δpmk1	hpi_1	rep_1	0	Normalized
1xPhospho [S5]	MGG_12267	MGG_12267T0 [138-159]	LSAP[S]PPRQFPDSLQAVYVVSR	Δpmk1	hpi_1	rep_3	0	Normalized
1xPhospho [S5]	MGG_12267	MGG_12267T0 [138-159]	LSAP[S]PPRQFPDSLQAVYVVSR	Δpmk1	hpi_1	rep_2	0	Normalized
1xPhospho [S5]	MGG_12267	MGG_12267T0 [138-159]	LSAP[S]PPRQFPDSLQAVYVVSR	Guy11	hpi_1	rep_2	0	Normalized
1xPhospho [S5]	MGG_12267	MGG_12267T0 [138-159]	LSAP[S]PPRQFPDSLQAVYVVSR	Guy11	hpi_1	rep_1	0	Normalized
1xPhospho [S5]	MGG_12267	MGG_12267T0 [138-159]	LSAP[S]PPRQFPDSLQAVYVVSR	Guy11	hpi_1	rep_3	0	Normalized
1xPhospho [S5]	MGG_12267	MGG_12267T0 [138-159]	LSAP[S]PPRQFPDSLQAVYVVSR	Δpmk1	hpi_1.5	rep_1	0	Normalized
1xPhospho [S5]	MGG_12267	MGG_12267T0 [138-159]	LSAP[S]PPRQFPDSLQAVYVVSR	Δpmk1	hpi_1.5	rep_3	0	Normalized
1xPhospho [S5]	MGG_12267	MGG_12267T0 [138-159]	LSAP[S]PPRQFPDSLQAVYVVSR	Δpmk1	hpi_1.5	rep_2	0	Normalized
1xPhospho [S5]	MGG_12267	MGG_12267T0 [138-159]	LSAP[S]PPRQFPDSLQAVYVVSR	Guy11	hpi_1.5	rep_2	0	Normalized
1xPhospho [S5]	MGG_12267	MGG_12267T0 [138-159]	LSAP[S]PPRQFPDSLQAVYVVSR	Guy11	hpi_1.5	rep_1	0	Normalized
1xPhospho [S5]	MGG_12267	MGG_12267T0 [138-159]	LSAP[S]PPRQFPDSLQAVYVVSR	Guy11	hpi_1.5	rep_3	0	Normalized
1xPhospho [S5]	MGG_12267	MGG_12267T0 [138-159]	LSAP[S]PPRQFPDSLQAVYVVSR	Δpmk1	hpi_2	rep_1	0	Normalized
1xPhospho [S20]	MGG_07613	MGG_07613T0 [1151-1181]	LSGDVEFGIGGPLQSAAPS[S]PATPNEFTFNR	Guy11	hpi_1	rep_1	0	Normalized
1xPhospho [S20]	MGG_07613	MGG_07613T0 [1151-1181]	LSGDVEFGIGGPLQSAAPS[S]PATPNEFTFNR	Guy11	hpi_1	rep_3	0	Normalized
1xPhospho [S20]	MGG_07613	MGG_07613T0 [1151-1181]	LSGDVEFGIGGPLQSAAPS[S]PATPNEFTFNR	Δpmk1	hpi_1.5	rep_1	0	Normalized
1xPhospho [S20]	MGG_07613	MGG_07613T0 [1151-1181]	LSGDVEFGIGGPLQSAAPS[S]PATPNEFTFNR	Δpmk1	hpi_1.5	rep_3	0	Normalized
1xPhospho [S20]	MGG_07613	MGG_07613T0 [1151-1181]	LSGDVEFGIGGPLQSAAPS[S]PATPNEFTFNR	Δpmk1	hpi_1.5	rep_2	0	Normalized
1xPhospho [S20]	MGG_07613	MGG_07613T0 [1151-1181]	LSGDVEFGIGGPLQSAAPS[S]PATPNEFTFNR	Guy11	hpi_1.5	rep_2	0	Normalized
1xPhospho [S20]	MGG_07613	MGG_07613T0 [1151-1181]	LSGDVEFGIGGPLQSAAPS[S]PATPNEFTFNR	Guy11	hpi_1.5	rep_1	0	Normalized
1xPhospho [S20]	MGG_07613	MGG_07613T0 [1151-1181]	LSGDVEFGIGGPLQSAAPS[S]PATPNEFTFNR	Guy11	hpi_1.5	rep_3	0	Normalized
1xPhospho [S20]	MGG_07613	MGG_07613T0 [1151-1181]	LSGDVEFGIGGPLQSAAPS[S]PATPNEFTFNR	Δpmk1	hpi_2	rep_1	0	Normalized
1xPhospho [S20]	MGG_07613	MGG_07613T0 [1151-1181]	LSGDVEFGIGGPLQSAAPS[S]PATPNEFTFNR	Δpmk1	hpi_2	rep_3	0	Normalized
1xPhospho [S20]	MGG_07613	MGG_07613T0 [1151-1181]	LSGDVEFGIGGPLQSAAPS[S]PATPNEFTFNR	Δpmk1	hpi_2	rep_2	0	Normalized
1xPhospho [S20]	MGG_07613	MGG_07613T0 [1151-1181]	LSGDVEFGIGGPLQSAAPS[S]PATPNEFTFNR	Guy11	hpi_2	rep_2	0	Normalized
1xPhospho [S20]	MGG_07613	MGG_07613T0 [1151-1181]	LSGDVEFGIGGPLQSAAPS[S]PATPNEFTFNR	Guy11	hpi_2	rep_1	0	Normalized
1xPhospho [S20]	MGG_07613	MGG_07613T0 [1151-1181]	LSGDVEFGIGGPLQSAAPS[S]PATPNEFTFNR	Guy11	hpi_2	rep_3	0	Normalized
1xPhospho [S20]	MGG_07613	MGG_07613T0 [1151-1181]	LSGDVEFGIGGPLQSAAPS[S]PATPNEFTFNR	Δpmk1	hpi_4	rep_1	0	Normalized
1xPhospho [S20]	MGG_07613	MGG_07613T0 [1151-1181]	LSGDVEFGIGGPLQSAAPS[S]PATPNEFTFNR	Δpmk1	hpi_4	rep_3	0	Normalized
1xPhospho [S20]	MGG_07613	MGG_07613T0 [1151-1181]	LSGDVEFGIGGPLQSAAPS[S]PATPNEFTFNR	Δpmk1	hpi_4	rep_2	0	Normalized
1xPhospho [S20]	MGG_07613	MGG_07613T0 [1151-1181]	LSGDVEFGIGGPLQSAAPS[S]PATPNEFTFNR	Guy11	hpi_4	rep_2	0	Normalized
1xPhospho [S20]	MGG_07613	MGG_07613T0 [1151-1181]	LSGDVEFGIGGPLQSAAPS[S]PATPNEFTFNR	Guy11	hpi_4	rep_1	0	Normalized
1xPhospho [S20]	MGG_07613	MGG_07613T0 [1151-1181]	LSGDVEFGIGGPLQSAAPS[S]PATPNEFTFNR	Guy11	hpi_4	rep_3	0	Normalized
1xPhospho [S20]	MGG_07613	MGG_07613T0 [1151-1181]	LSGDVEFGIGGPLQSAAPS[S]PATPNEFTFNR	Δpmk1	hpi_6	rep_1	0	Normalized
1xPhospho [S20]	MGG_07613	MGG_07613T0 [1151-1181]	LSGDVEFGIGGPLQSAAPS[S]PATPNEFTFNR	Δpmk1	hpi_6	rep_3	0	Normalized
1xPhospho [S20]	MGG_07613	MGG_07613T0 [1151-1181]	LSGDVEFGIGGPLQSAAPS[S]PATPNEFTFNR	Δpmk1	hpi_6	rep_2	0	Normalized
1xPhospho [S20]	MGG_07613	MGG_07613T0 [1151-1181]	LSGDVEFGIGGPLQSAAPS[S]PATPNEFTFNR	Guy11	hpi_6	rep_2	7397922.26338077	Normalized
1xPhospho [S20]	MGG_07613	MGG_07613T0 [1151-1181]	LSGDVEFGIGGPLQSAAPS[S]PATPNEFTFNR	Guy11	hpi_6	rep_1	1039706.51953127	Normalized
1xPhospho [S20]	MGG_07613	MGG_07613T0 [1151-1181]	LSGDVEFGIGGPLQSAAPS[S]PATPNEFTFNR	Guy11	hpi_6	rep_3	1725605.64430815	Normalized
1xPhospho [S3]	MGG_01150	MGG_01150T0 [757-769]	SL[S]PLPTQNHTIR	Δpmk1	hpi_0	rep_1	0	Normalized
1xPhospho [S3]	MGG_01150	MGG_01150T0 [757-769]	SL[S]PLPTQNHTIR	Δpmk1	hpi_0	rep_3	0	Normalized
1xPhospho [S3]	MGG_01150	MGG_01150T0 [757-769]	SL[S]PLPTQNHTIR	Δpmk1	hpi_0	rep_2	0	Normalized
1xPhospho [S3]	MGG_01150	MGG_01150T0 [757-769]	SL[S]PLPTQNHTIR	Guy11	hpi_0	rep_2	0	Normalized
1xPhospho [S3]	MGG_01150	MGG_01150T0 [757-769]	SL[S]PLPTQNHTIR	Guy11	hpi_0	rep_1	0	Normalized
1xPhospho [S3]	MGG_01150	MGG_01150T0 [757-769]	SL[S]PLPTQNHTIR	Guy11	hpi_0	rep_3	0	Normalized
1xPhospho [S3]	MGG_01150	MGG_01150T0 [757-769]	SL[S]PLPTQNHTIR	Δpmk1	hpi_1	rep_1	0	Normalized
1xPhospho [S3]	MGG_01150	MGG_01150T0 [757-769]	SL[S]PLPTQNHTIR	Δpmk1	hpi_1	rep_3	0	Normalized
1xPhospho [S3]	MGG_01150	MGG_01150T0 [757-769]	SL[S]PLPTQNHTIR	Δpmk1	hpi_1	rep_2	0	Normalized
1xPhospho [S3]	MGG_01150	MGG_01150T0 [757-769]	SL[S]PLPTQNHTIR	Guy11	hpi_1	rep_2	0	Normalized
1xPhospho [S3]	MGG_01150	MGG_01150T0 [757-769]	SL[S]PLPTQNHTIR	Guy11	hpi_1	rep_1	0	Normalized
1xPhospho [S3]	MGG_01150	MGG_01150T0 [757-769]	SL[S]PLPTQNHTIR	Guy11	hpi_1	rep_3	0	Normalized
1xPhospho [S3]	MGG_01150	MGG_01150T0 [757-769]	SL[S]PLPTQNHTIR	Δpmk1	hpi_1.5	rep_1	0	Normalized
1xPhospho [S3]	MGG_01150	MGG_01150T0 [757-769]	SL[S]PLPTQNHTIR	Δpmk1	hpi_1.5	rep_3	0	Normalized
1xPhospho [S3]	MGG_01150	MGG_01150T0 [757-769]	SL[S]PLPTQNHTIR	Δpmk1	hpi_1.5	rep_2	0	Normalized
1xPhospho [S3]	MGG_01150	MGG_01150T0 [757-769]	SL[S]PLPTQNHTIR	Guy11	hpi_1.5	rep_2	0	Normalized
1xPhospho [S3]	MGG_01150	MGG_01150T0 [757-769]	SL[S]PLPTQNHTIR	Guy11	hpi_1.5	rep_1	0	Normalized
1xPhospho [S3]	MGG_01150	MGG_01150T0 [757-769]	SL[S]PLPTQNHTIR	Guy11	hpi_1.5	rep_3	0	Normalized
1xPhospho [S3]	MGG_01150	MGG_01150T0 [757-769]	SL[S]PLPTQNHTIR	Δpmk1	hpi_2	rep_1	0	Normalized
1xPhospho [S3]	MGG_01150	MGG_01150T0 [757-769]	SL[S]PLPTQNHTIR	Δpmk1	hpi_2	rep_3	0	Normalized
1xPhospho [S3]	MGG_01150	MGG_01150T0 [757-769]	SL[S]PLPTQNHTIR	Δpmk1	hpi_2	rep_2	0	Normalized
1xPhospho [S3]	MGG_01150	MGG_01150T0 [757-769]	SL[S]PLPTQNHTIR	Guy11	hpi_2	rep_2	0	Normalized
1xPhospho [S3]	MGG_01150	MGG_01150T0 [757-769]	SL[S]PLPTQNHTIR	Guy11	hpi_2	rep_1	0	Normalized
1xPhospho [S3]	MGG_01150	MGG_01150T0 [757-769]	SL[S]PLPTQNHTIR	Guy11	hpi_2	rep_3	0	Normalized
1xPhospho [S3]	MGG_01150	MGG_01150T0 [757-769]	SL[S]PLPTQNHTIR	Δpmk1	hpi_4	rep_1	0	Normalized
1xPhospho [S3]	MGG_01150	MGG_01150T0 [757-769]	SL[S]PLPTQNHTIR	Δpmk1	hpi_4	rep_3	0	Normalized
1xPhospho [S3]	MGG_01150	MGG_01150T0 [757-769]	SL[S]PLPTQNHTIR	Δpmk1	hpi_4	rep_2	0	Normalized
1xPhospho [S3]	MGG_01150	MGG_01150T0 [757-769]	SL[S]PLPTQNHTIR	Guy11	hpi_4	rep_2	3419729.0896643	Normalized
1xPhospho [S3]	MGG_01150	MGG_01150T0 [757-769]	SL[S]PLPTQNHTIR	Guy11	hpi_4	rep_1	927679.953007517	Normalized
1xPhospho [S3]	MGG_01150	MGG_01150T0 [757-769]	SL[S]PLPTQNHTIR	Guy11	hpi_4	rep_3	1912443.84592286	Normalized
1xPhospho [S3]	MGG_01150	MGG_01150T0 [757-769]	SL[S]PLPTQNHTIR	Δpmk1	hpi_6	rep_1	0	Normalized
1xPhospho [S3]	MGG_01150	MGG_01150T0 [757-769]	SL[S]PLPTQNHTIR	Δpmk1	hpi_6	rep_3	0	Normalized
1xPhospho [S3]	MGG_01150	MGG_01150T0 [757-769]	SL[S]PLPTQNHTIR	Δpmk1	hpi_6	rep_2	0	Normalized
1xPhospho [S3]	MGG_01150	MGG_01150T0 [757-769]	SL[S]PLPTQNHTIR	Guy11	hpi_6	rep_2	6304815.40506211	Normalized
1xPhospho [S3]	MGG_01150	MGG_01150T0 [757-769]	SL[S]PLPTQNHTIR	Guy11	hpi_6	rep_1	6122762.55044242	Normalized
1xPhospho [S3]	MGG_01150	MGG_01150T0 [757-769]	SL[S]PLPTQNHTIR	Guy11	hpi_6	rep_3	7168838.46706795	Normalized
1xPhospho [S30]	MGG_04478	MGG_04478T0 [93-124]	LSGGGGAAPLAPSGVVSQRTGGHASKPSV[S]GK	Δpmk1	hpi_0	rep_1	5834231.01478548	Normalized
1xPhospho [S30]	MGG_04478	MGG_04478T0 [93-124]	LSGGGGAAPLAPSGVVSQRTGGHASKPSV[S]GK	Δpmk1	hpi_0	rep_3	0	Normalized
1xPhospho [S30]	MGG_04478	MGG_04478T0 [93-124]	LSGGGGAAPLAPSGVVSQRTGGHASKPSV[S]GK	Δpmk1	hpi_0	rep_2	4263583.65155227	Normalized
1xPhospho [S30]	MGG_04478	MGG_04478T0 [93-124]	LSGGGGAAPLAPSGVVSQRTGGHASKPSV[S]GK	Guy11	hpi_0	rep_2	0	Normalized
1xPhospho [S30]	MGG_04478	MGG_04478T0 [93-124]	LSGGGGAAPLAPSGVVSQRTGGHASKPSV[S]GK	Guy11	hpi_0	rep_1	14009565.2616102	Normalized
